<?xml version="1.0" encoding="UTF-8"?>
<project-private xmlns="http://www.netbeans.org/ns/project-private/1">
    <editor-bookmarks xmlns="http://www.netbeans.org/ns/editor-bookmarks/2" lastBookmarkId="0"/>
    <open-files xmlns="http://www.netbeans.org/ns/projectui-open-files/2">
        <group>
            <file>file:/C:/Users/grego/OneDrive/Desktop/Project2Gam0/src/frames/Game0Frame.java</file>
            <file>file:/C:/Users/grego/OneDrive/Desktop/Project2Gam0/src/data/Date.java</file>
            <file>file:/C:/Users/grego/OneDrive/Desktop/Project2Gam0/src/data/DataModel.java</file>
            <file>file:/C:/Users/grego/OneDrive/Desktop/Project2Gam0/src/frames/Game2Frame.java</file>
            <file>file:/C:/Users/grego/OneDrive/Desktop/Project2Gam0/src/data/SpecialDate.java</file>
            <file>file:/C:/Users/grego/OneDrive/Desktop/Project2Gam0/src/frames/Game3Frame.java</file>
            <file>file:/C:/Users/grego/OneDrive/Desktop/Project2Gam0/src/data/MutliSpecialDate.java</file>
        </group>
    </open-files>
</project-private>
